Topic	Subtopic	URL	Problem Title
Backtracking	n-Queens problem	https://www.codechef.com/learn/course/thapar-daa-2026/TPRDAA45/problems/MDDYQ189	Backtracking
Backtracking	n-Queens problem	https://www.codechef.com/learn/course/thapar-daa-2026/TPRDAA45/problems/MDDYQ190	Backtracking
Backtracking	n-Queens problem	https://www.codechef.com/learn/course/thapar-daa-2026/TPRDAA45/problems/MDDYQ191	N
Backtracking	n-Queens problem	https://www.codechef.com/learn/course/thapar-daa-2026/TPRDAA45/problems/MDDYQ192	N
Backtracking	n-Queens problem	https://www.codechef.com/learn/course/thapar-daa-2026/TPRDAA45/problems/MDDYQ193	N
Backtracking	n-Queens problem	https://www.codechef.com/learn/course/thapar-daa-2026/TPRDAA45/problems/MDDYQ194	Solution
Backtracking	Graph Coloring	https://www.codechef.com/learn/course/thapar-daa-2026/COLORGRAPH/problems/GRAPHCOLOR1	Graph
Backtracking	Graph Coloring	https://www.codechef.com/learn/course/thapar-daa-2026/COLORGRAPH/problems/GRAPHCOLOR2	Graph
Backtracking	Graph Coloring	https://www.codechef.com/learn/course/thapar-daa-2026/COLORGRAPH/problems/GRAPHCOLOR3	Graph
Backtracking	River Crossing Puzzle	https://www.codechef.com/learn/course/thapar-daa-2026/RIVERCROSS/problems/RIVERCROSS0	River
Backtracking	River Crossing Puzzle	https://www.codechef.com/learn/course/thapar-daa-2026/RIVERCROSS/problems/RIVERCROSSIN	Chef
Backtracking	River Crossing Puzzle	https://www.codechef.com/learn/course/thapar-daa-2026/RIVERCROSS/problems/RIVERCROSS1	MCQ
Backtracking	Math Crossword Puzzle	https://www.codechef.com/learn/course/thapar-daa-2026/MATHCROSS/problems/MATHCROSS1	Maths
Backtracking	Math Crossword Puzzle	https://www.codechef.com/learn/course/thapar-daa-2026/MATHCROSS/problems/MATHCROSS2	Chef
Backtracking	Math Crossword Puzzle	https://www.codechef.com/learn/course/thapar-daa-2026/MATHCROSS/problems/MATHCROSS3	MCQ
Backtracking	Practice Problems	https://www.codechef.com/learn/course/thapar-daa-2026/BACKTRACKPR/problems/REVSTACKREC	Reverse
Backtracking	Practice Problems	https://www.codechef.com/learn/course/thapar-daa-2026/BACKTRACKPR/problems/GENBIN1	Generate
Backtracking	Practice Problems	https://www.codechef.com/learn/course/thapar-daa-2026/BACKTRACKPR/problems/GENPAREN	Generate
Backtracking	Practice Problems	https://www.codechef.com/learn/course/thapar-daa-2026/BACKTRACKPR/problems/RATMAZE	Rat
Backtracking	Practice Problems	https://www.codechef.com/learn/course/thapar-daa-2026/BACKTRACKPR/problems/COMBSUM	Combination
Backtracking	Practice Problems	https://www.codechef.com/learn/course/thapar-daa-2026/BACKTRACKPR/problems/WEXLT01	Chef
Backtracking	Practice Problems	https://www.codechef.com/learn/course/thapar-daa-2026/BACKTRACKPR/problems/SUBSEQSUMK	Count
Backtracking	Practice Problems	https://www.codechef.com/learn/course/thapar-daa-2026/BACKTRACKPR/problems/MDDYQ203	Subset
Backtracking	Practice Problems	https://www.codechef.com/learn/course/thapar-daa-2026/BACKTRACKPR/problems/MDDYQ205	Backtracking
Backtracking	Practice Problems	https://www.codechef.com/learn/course/thapar-daa-2026/BACKTRACKPR/problems/MDDYQ206	Backtracking
Backtracking	Practice Problems	https://www.codechef.com/learn/course/thapar-daa-2026/BACKTRACKPR/problems/MDDYQ207	Backtracking
Backtracking	Practice Problems	https://www.codechef.com/learn/course/thapar-daa-2026/BACKTRACKPR/problems/UELPQ01	Chef
Backtracking	Practice Problems	https://www.codechef.com/learn/course/thapar-daa-2026/BACKTRACKPR/problems/MDDYQ165	Knapsack
Graph Fundamentals & Traversal	Terminologies	https://www.codechef.com/learn/course/thapar-daa-2026/TPRDAA25/problems/GRAPHBASICS	Basic
Graph Fundamentals & Traversal	Terminologies	https://www.codechef.com/learn/course/thapar-daa-2026/TPRDAA25/problems/GRAPHMCQ1	Counting
Graph Fundamentals & Traversal	Terminologies	https://www.codechef.com/learn/course/thapar-daa-2026/TPRDAA25/problems/GRAPHMCQ2	Graph
Graph Fundamentals & Traversal	Types of Graphs	https://www.codechef.com/learn/course/thapar-daa-2026/TPRDAA26/problems/GRAPHTYPE1	Graph
Graph Fundamentals & Traversal	Types of Graphs	https://www.codechef.com/learn/course/thapar-daa-2026/TPRDAA26/problems/GRAPHTYPE2	Connected,
Graph Fundamentals & Traversal	Types of Graphs	https://www.codechef.com/learn/course/thapar-daa-2026/TPRDAA26/problems/GRAPHTYPE3	Trees
Graph Fundamentals & Traversal	Types of Graphs	https://www.codechef.com/learn/course/thapar-daa-2026/TPRDAA26/problems/GRAPHMCQ3	Maximum
Graph Fundamentals & Traversal	Types of Graphs	https://www.codechef.com/learn/course/thapar-daa-2026/TPRDAA26/problems/GRAPHMCQ4	Acyclic
Graph Fundamentals & Traversal	Types of Graphs	https://www.codechef.com/learn/course/thapar-daa-2026/TPRDAA26/problems/GRAPHMCQ5	Disconnected
Graph Fundamentals & Traversal	Graph Representation	https://www.codechef.com/learn/course/thapar-daa-2026/TPRDAA27/problems/GRAPHDS	Graph
Graph Fundamentals & Traversal	Graph Representation	https://www.codechef.com/learn/course/thapar-daa-2026/TPRDAA27/problems/GRAPHSREP	Ways
Graph Fundamentals & Traversal	Graph Representation	https://www.codechef.com/learn/course/thapar-daa-2026/TPRDAA27/problems/GRAPHADJM	Graph
Graph Fundamentals & Traversal	Graph Representation	https://www.codechef.com/learn/course/thapar-daa-2026/TPRDAA27/problems/GRAPHADJL	Graph
Graph Fundamentals & Traversal	Graph Representation	https://www.codechef.com/learn/course/thapar-daa-2026/TPRDAA27/problems/GRAPHMCQ6	Adjacency
Graph Fundamentals & Traversal	Graph Representation	https://www.codechef.com/learn/course/thapar-daa-2026/TPRDAA27/problems/GRAPHMCQ7	Adjacency
Graph Fundamentals & Traversal	Graph Representation	https://www.codechef.com/learn/course/thapar-daa-2026/TPRDAA27/problems/GRAPHMCQ8	Memory-Efficient
Graph Fundamentals & Traversal	Graph Traversals	https://www.codechef.com/learn/course/thapar-daa-2026/TPRDAA28/problems/GRAPHTOUR	Graphs
Graph Fundamentals & Traversal	Graph Traversals	https://www.codechef.com/learn/course/thapar-daa-2026/TPRDAA28/problems/GRAPHDFS	DFS
Graph Fundamentals & Traversal	Graph Traversals	https://www.codechef.com/learn/course/thapar-daa-2026/TPRDAA28/problems/DFSANALYSIS	Analysis
Graph Fundamentals & Traversal	Graph Traversals	https://www.codechef.com/learn/course/thapar-daa-2026/TPRDAA28/problems/GRAPHBFS	BFS
Graph Fundamentals & Traversal	Graph Traversals	https://www.codechef.com/learn/course/thapar-daa-2026/TPRDAA28/problems/DAA114	Analysis
Graph Fundamentals & Traversal	Graph Traversals	https://www.codechef.com/learn/course/thapar-daa-2026/TPRDAA28/problems/DFSREORG	DFS
Graph Fundamentals & Traversal	Graph Traversals	https://www.codechef.com/learn/course/thapar-daa-2026/TPRDAA28/problems/BFSREORG	BFS
Graph Fundamentals & Traversal	Graph Traversals	https://www.codechef.com/learn/course/thapar-daa-2026/TPRDAA28/problems/DAA109	Check
Graph Fundamentals & Traversal	Graph Traversals	https://www.codechef.com/learn/course/thapar-daa-2026/TPRDAA28/problems/CHEFDIST	Minimum
Graph Fundamentals & Traversal	Graph Traversals	https://www.codechef.com/learn/course/thapar-daa-2026/TPRDAA28/problems/GRAPHMCQ9	BFS
Graph Fundamentals & Traversal	Connected Components	https://www.codechef.com/learn/course/thapar-daa-2026/TPRDAA29/problems/CCDEF	What
Graph Fundamentals & Traversal	Connected Components	https://www.codechef.com/learn/course/thapar-daa-2026/TPRDAA29/problems/GRAPHMCQ10	Graph
Graph Fundamentals & Traversal	Connected Components	https://www.codechef.com/learn/course/thapar-daa-2026/TPRDAA29/problems/GRAPHMCQ11	Single
Graph Fundamentals & Traversal	Connected Components	https://www.codechef.com/learn/course/thapar-daa-2026/TPRDAA29/problems/CONCOMPDFS	Connected
Graph Fundamentals & Traversal	Connected Components	https://www.codechef.com/learn/course/thapar-daa-2026/TPRDAA29/problems/CHEFSCOUNTRY	Roads
Graph Fundamentals & Traversal	Connected Components	https://www.codechef.com/learn/course/thapar-daa-2026/TPRDAA29/problems/GALACTICNW	Galactic
Graph Fundamentals & Traversal	Connected Components	https://www.codechef.com/learn/course/thapar-daa-2026/TPRDAA29/problems/STRONGCOMP1	What
Graph Fundamentals & Traversal	Connected Components	https://www.codechef.com/learn/course/thapar-daa-2026/TPRDAA29/problems/STRONGCOMP2	Strongly
Graph Fundamentals & Traversal	Connected Components	https://www.codechef.com/learn/course/thapar-daa-2026/TPRDAA29/problems/STRONGCOMP3	MCQ
Graph Fundamentals & Traversal	Cycles in Graphs	https://www.codechef.com/learn/course/thapar-daa-2026/TPRDAA30/problems/CYCLEDEF	Cycles
Graph Fundamentals & Traversal	Cycles in Graphs	https://www.codechef.com/learn/course/thapar-daa-2026/TPRDAA30/problems/GCYCLEDFS	Cycle
Graph Fundamentals & Traversal	Cycles in Graphs	https://www.codechef.com/learn/course/thapar-daa-2026/TPRDAA30/problems/DGCYCLEDFS	Cycle
Graph Fundamentals & Traversal	Cycles in Graphs	https://www.codechef.com/learn/course/thapar-daa-2026/TPRDAA30/problems/GRAPHMCQ13	Graph
Graph Fundamentals & Traversal	Cycles in Graphs	https://www.codechef.com/learn/course/thapar-daa-2026/TPRDAA30/problems/GRAPHMCQ12	Counting
Graph Fundamentals & Traversal	Cycles in Graphs	https://www.codechef.com/learn/course/thapar-daa-2026/TPRDAA30/problems/GRAPHMCQ14	No
Graph Fundamentals & Traversal	DFS	https://www.codechef.com/learn/course/thapar-daa-2026/TPRDAA31/problems/DAA104	Graph
Graph Fundamentals & Traversal	DFS	https://www.codechef.com/learn/course/thapar-daa-2026/TPRDAA31/problems/DAA105	Depth
Graph Fundamentals & Traversal	DFS	https://www.codechef.com/learn/course/thapar-daa-2026/TPRDAA31/problems/DAA106	Implementation
Graph Fundamentals & Traversal	DFS	https://www.codechef.com/learn/course/thapar-daa-2026/TPRDAA31/problems/DAA107	Visited
Graph Fundamentals & Traversal	DFS	https://www.codechef.com/learn/course/thapar-daa-2026/TPRDAA31/problems/DAA108	Analysis
Graph Fundamentals & Traversal	DFS	https://www.codechef.com/learn/course/thapar-daa-2026/TPRDAA31/problems/DAA109	Check
Graph Fundamentals & Traversal	DFS	https://www.codechef.com/learn/course/thapar-daa-2026/TPRDAA31/problems/HDELIVER	Home
Graph Fundamentals & Traversal	BFS	https://www.codechef.com/learn/course/thapar-daa-2026/TPRDAA32/problems/DAA110	Breadth
Graph Fundamentals & Traversal	BFS	https://www.codechef.com/learn/course/thapar-daa-2026/TPRDAA32/problems/DAA111	Working
Graph Fundamentals & Traversal	BFS	https://www.codechef.com/learn/course/thapar-daa-2026/TPRDAA32/problems/DAA112	Implementation
Graph Fundamentals & Traversal	BFS	https://www.codechef.com/learn/course/thapar-daa-2026/TPRDAA32/problems/DAA113	Check
Graph Fundamentals & Traversal	BFS	https://www.codechef.com/learn/course/thapar-daa-2026/TPRDAA32/problems/DAA114	Analysis
Graph Fundamentals & Traversal	BFS	https://www.codechef.com/learn/course/thapar-daa-2026/TPRDAA32/problems/REVERSE	Chef
Graph Fundamentals & Traversal	BFS	https://www.codechef.com/learn/course/thapar-daa-2026/TPRDAA32/problems/DIGJUMP	Chef
Graph Fundamentals & Traversal	Topological sorting	https://www.codechef.com/learn/course/thapar-daa-2026/TPRDAA33/problems/TOPOSORTDEF	Basic
Graph Fundamentals & Traversal	Topological sorting	https://www.codechef.com/learn/course/thapar-daa-2026/TPRDAA33/problems/TOPOSORTDFS	Topological
Graph Fundamentals & Traversal	Topological sorting	https://www.codechef.com/learn/course/thapar-daa-2026/TPRDAA33/problems/TOPOSORTBFS	Topological
Graph Fundamentals & Traversal	Topological sorting	https://www.codechef.com/learn/course/thapar-daa-2026/TPRDAA33/problems/GRAPHMCQ15	Topological
Graph Fundamentals & Traversal	Topological sorting	https://www.codechef.com/learn/course/thapar-daa-2026/TPRDAA33/problems/GRAPHMCQ16	Topological
Graph Fundamentals & Traversal	Topological sorting	https://www.codechef.com/learn/course/thapar-daa-2026/TPRDAA33/problems/GRAPHMCQ17	Topological
Graph Fundamentals & Traversal	Topological sorting	https://www.codechef.com/learn/course/thapar-daa-2026/TPRDAA33/problems/TOPOSORTCS	Find
Graph Fundamentals & Traversal	Topological sorting	https://www.codechef.com/learn/course/thapar-daa-2026/TPRDAA33/problems/GETANCESTORS	Get
Graph Fundamentals & Traversal	Hamiltonian Circuit Problem	https://www.codechef.com/learn/course/thapar-daa-2026/TPRDAA46/problems/MDDYQ195	Hamiltonian
Graph Fundamentals & Traversal	Hamiltonian Circuit Problem	https://www.codechef.com/learn/course/thapar-daa-2026/TPRDAA46/problems/MDDYQ196	MCQ
Graph Fundamentals & Traversal	Hamiltonian Circuit Problem	https://www.codechef.com/learn/course/thapar-daa-2026/TPRDAA46/problems/MDDYQ197	Satisfying
Graph Fundamentals & Traversal	Hamiltonian Circuit Problem	https://www.codechef.com/learn/course/thapar-daa-2026/TPRDAA46/problems/MDDYQ198	Hamiltonian
Graph Fundamentals & Traversal	Hamiltonian Circuit Problem	https://www.codechef.com/learn/course/thapar-daa-2026/TPRDAA46/problems/MDDYQ199	Algorithm
Graph Fundamentals & Traversal	Flow Network	https://www.codechef.com/learn/course/thapar-daa-2026/FLOWNETWORK/problems/FLOWNETMIN	Flow
Graph Fundamentals & Traversal	Flow Network	https://www.codechef.com/learn/course/thapar-daa-2026/FLOWNETWORK/problems/MAXFLOW2	Maximum
Graph Fundamentals & Traversal	Flow Network	https://www.codechef.com/learn/course/thapar-daa-2026/FLOWNETWORK/problems/MAXFLOWMCQ	MCQ
Graph Fundamentals & Traversal	Practice problems	https://www.codechef.com/learn/course/thapar-daa-2026/GRAPHPRACTIC/problems/GERALD07	Chef
Graph Fundamentals & Traversal	Practice problems	https://www.codechef.com/learn/course/thapar-daa-2026/GRAPHPRACTIC/problems/HBJRG01	Chef
Graph Fundamentals & Traversal	Practice problems	https://www.codechef.com/learn/course/thapar-daa-2026/GRAPHPRACTIC/problems/QM20A	One
Graph Fundamentals & Traversal	Practice problems	https://www.codechef.com/learn/course/thapar-daa-2026/GRAPHPRACTIC/problems/ICPC16F	Chef
Graph Fundamentals & Traversal	Practice problems	https://www.codechef.com/learn/course/thapar-daa-2026/GRAPHPRACTIC/problems/EKMPU01	Chef
Graph Fundamentals & Traversal	Practice problems	https://www.codechef.com/learn/course/thapar-daa-2026/GRAPHPRACTIC/problems/SZICS01	Chef
Graph Fundamentals & Traversal	Practice problems	https://www.codechef.com/learn/course/thapar-daa-2026/GRAPHPRACTIC/problems/DGAFK01	Chef
Graph Fundamentals & Traversal	Practice problems	https://www.codechef.com/learn/course/thapar-daa-2026/GRAPHPRACTIC/problems/HYBDD01	Chef
Graph Fundamentals & Traversal	Practice problems	https://www.codechef.com/learn/course/thapar-daa-2026/GRAPHPRACTIC/problems/XGWUY01	Chef
Graph Fundamentals & Traversal	Practice problems	https://www.codechef.com/learn/course/thapar-daa-2026/GRAPHPRACTIC/problems/KXTUW01	Chef
Graph Fundamentals & Traversal	Practice problems	https://www.codechef.com/learn/course/thapar-daa-2026/GRAPHPRACTIC/problems/CHEFSERVER	Chef
Branch and Bound	Knapsack Problem	https://www.codechef.com/learn/course/thapar-daa-2026/TPRDAA48/problems/MDDYQ208	Branch
Branch and Bound	Knapsack Problem	https://www.codechef.com/learn/course/thapar-daa-2026/TPRDAA48/problems/MDDYQ209	Knapsack
Branch and Bound	Knapsack Problem	https://www.codechef.com/learn/course/thapar-daa-2026/TPRDAA48/problems/MDDYQ210	Branch
Branch and Bound	Knapsack Problem	https://www.codechef.com/learn/course/thapar-daa-2026/TPRDAA48/problems/MDDYQ211	Example
Branch and Bound	Knapsack Problem	https://www.codechef.com/learn/course/thapar-daa-2026/TPRDAA48/problems/MDDYQ212	Bound
Branch and Bound	Knapsack Problem	https://www.codechef.com/learn/course/thapar-daa-2026/TPRDAA48/problems/MDDYQ213	Algorithm
Branch and Bound	Knapsack Problem	https://www.codechef.com/learn/course/thapar-daa-2026/TPRDAA48/problems/MDDYQ214	Knapsack
Branch and Bound	Traveling Salesman Problem	https://www.codechef.com/learn/course/thapar-daa-2026/TPRDAA49/problems/MDDYQ215	Travelling
Branch and Bound	Traveling Salesman Problem	https://www.codechef.com/learn/course/thapar-daa-2026/TPRDAA49/problems/MDDYQ216	Generating
Branch and Bound	Traveling Salesman Problem	https://www.codechef.com/learn/course/thapar-daa-2026/TPRDAA49/problems/MDDYQ217	Expansion
Branch and Bound	Traveling Salesman Problem	https://www.codechef.com/learn/course/thapar-daa-2026/TPRDAA49/problems/MDDYQ218	Calculating
Branch and Bound	Traveling Salesman Problem	https://www.codechef.com/learn/course/thapar-daa-2026/TPRDAA49/problems/MDDYQ219	Upper
Branch and Bound	Traveling Salesman Problem	https://www.codechef.com/learn/course/thapar-daa-2026/TPRDAA49/problems/MDDYQ220	Pseudo
Branch and Bound	Traveling Salesman Problem	https://www.codechef.com/learn/course/thapar-daa-2026/TPRDAA49/problems/MDDYQ221	Algorithm
Branch and Bound	Assignment problem	https://www.codechef.com/learn/course/thapar-daa-2026/TPRDAA50/problems/MDDYQ222	Assignment
Branch and Bound	Assignment problem	https://www.codechef.com/learn/course/thapar-daa-2026/TPRDAA50/problems/MDDYQ223	Solution
Branch and Bound	Assignment problem	https://www.codechef.com/learn/course/thapar-daa-2026/TPRDAA50/problems/MDDYQ224	Bound
Branch and Bound	Assignment problem	https://www.codechef.com/learn/course/thapar-daa-2026/TPRDAA50/problems/MDDYQ225	Calculating
Branch and Bound	Assignment problem	https://www.codechef.com/learn/course/thapar-daa-2026/TPRDAA50/problems/MDDYQ226	Upper
Branch and Bound	Assignment problem	https://www.codechef.com/learn/course/thapar-daa-2026/TPRDAA50/problems/MDDYQ227	Complexity
String matching algorithms	Boyer-Moore Algorithm	https://www.codechef.com/learn/course/thapar-daa-2026/BOYERMOORE1/problems/PATMAT01C	Boyer-Moore
String matching algorithms	Boyer-Moore Algorithm	https://www.codechef.com/learn/course/thapar-daa-2026/BOYERMOORE1/problems/PATMAT01CA	Good-Suffix-Heuristic
String matching algorithms	Boyer-Moore Algorithm	https://www.codechef.com/learn/course/thapar-daa-2026/BOYERMOORE1/problems/PATMAT01	Implement
String matching algorithms	Boyer-Moore Algorithm	https://www.codechef.com/learn/course/thapar-daa-2026/BOYERMOORE1/problems/BOYERMOORE2	MCQ
String matching algorithms	Rabin Karp Algorithm	https://www.codechef.com/learn/course/thapar-daa-2026/RABINKARP/problems/RABINKARP1	Rabin
String matching algorithms	Rabin Karp Algorithm	https://www.codechef.com/learn/course/thapar-daa-2026/RABINKARP/problems/RABINKARP2	Rabin
String matching algorithms	Rabin Karp Algorithm	https://www.codechef.com/learn/course/thapar-daa-2026/RABINKARP/problems/RABINKARP3	Rabin
String matching algorithms	KMP Algorithm	https://www.codechef.com/learn/course/thapar-daa-2026/TPRDAA53/problems/CLGKMP01	Knuth-Morris-Pratt
String matching algorithms	KMP Algorithm	https://www.codechef.com/learn/course/thapar-daa-2026/TPRDAA53/problems/CLGKMP02	Naive
String matching algorithms	KMP Algorithm	https://www.codechef.com/learn/course/thapar-daa-2026/TPRDAA53/problems/CLGKMP03	Naive
String matching algorithms	KMP Algorithm	https://www.codechef.com/learn/course/thapar-daa-2026/TPRDAA53/problems/CLGKMP04	Knuth-Morris-Pratt
String matching algorithms	KMP Algorithm	https://www.codechef.com/learn/course/thapar-daa-2026/TPRDAA53/problems/CLGKMP05	KMP
String matching algorithms	KMP Algorithm	https://www.codechef.com/learn/course/thapar-daa-2026/TPRDAA53/problems/CLGKMP06	How
String matching algorithms	KMP Algorithm	https://www.codechef.com/learn/course/thapar-daa-2026/TPRDAA53/problems/CLGKMP07	How
String matching algorithms	KMP Algorithm	https://www.codechef.com/learn/course/thapar-daa-2026/TPRDAA53/problems/CLGKMP08	KMP
String matching algorithms	Suffix arrays	https://www.codechef.com/learn/course/thapar-daa-2026/SUFFIXARRAY1/problems/SUFFIXARR1	Suffix
String matching algorithms	Suffix arrays	https://www.codechef.com/learn/course/thapar-daa-2026/SUFFIXARRAY1/problems/SUFFIXARR2	MCQ
String matching algorithms	Suffix arrays	https://www.codechef.com/learn/course/thapar-daa-2026/SUFFIXARRAY1/problems/SUFFIXARR3	MCQ
String matching algorithms	Suffix arrays	https://www.codechef.com/learn/course/thapar-daa-2026/SUFFIXARRAY1/problems/SUFFIXARR4	Suffix
Greedy techniques	Basics of Greedy, and proofs	https://www.codechef.com/learn/course/thapar-daa-2026/TPRDAA34/problems/MDDYQ132	Introduction
Greedy techniques	Basics of Greedy, and proofs	https://www.codechef.com/learn/course/thapar-daa-2026/TPRDAA34/problems/MDDYQ133	Chef
Greedy techniques	Basics of Greedy, and proofs	https://www.codechef.com/learn/course/thapar-daa-2026/TPRDAA34/problems/MDDYQ134	MCQ
Greedy techniques	Basics of Greedy, and proofs	https://www.codechef.com/learn/course/thapar-daa-2026/TPRDAA34/problems/MDDYQ135	MCQ
Greedy techniques	Basics of Greedy, and proofs	https://www.codechef.com/learn/course/thapar-daa-2026/TPRDAA34/problems/MDDYQ136	MCQ
Greedy techniques	Basics of Greedy, and proofs	https://www.codechef.com/learn/course/thapar-daa-2026/TPRDAA34/problems/MDDYQ137	MCQ
Greedy techniques	Basics of Greedy, and proofs	https://www.codechef.com/learn/course/thapar-daa-2026/TPRDAA34/problems/MDDYQ138	Chef
Greedy techniques	Fractional Knapsack	https://www.codechef.com/learn/course/thapar-daa-2026/FRACTIONKNAP/problems/KNAPSACKPR1	What
Greedy techniques	Fractional Knapsack	https://www.codechef.com/learn/course/thapar-daa-2026/FRACTIONKNAP/problems/KNAPSACKPR2	What
Greedy techniques	Fractional Knapsack	https://www.codechef.com/learn/course/thapar-daa-2026/FRACTIONKNAP/problems/DAA074	Fractional
Greedy techniques	Activity selection	https://www.codechef.com/learn/course/thapar-daa-2026/ACTIVITYSELE/problems/ACTIVITYSEL1	What
Greedy techniques	Activity selection	https://www.codechef.com/learn/course/thapar-daa-2026/ACTIVITYSELE/problems/ACTIVITYSEL2	Whats
Greedy techniques	Activity selection	https://www.codechef.com/learn/course/thapar-daa-2026/ACTIVITYSELE/problems/COCRZ01	Chef
Greedy techniques	Minimum Platforms	https://www.codechef.com/learn/course/thapar-daa-2026/MINPLATFORMS/problems/MINPLATFORM1	Minimum
Greedy techniques	Minimum Platforms	https://www.codechef.com/learn/course/thapar-daa-2026/MINPLATFORMS/problems/MINPLATFORM2	Greedy
Greedy techniques	Minimum Platforms	https://www.codechef.com/learn/course/thapar-daa-2026/MINPLATFORMS/problems/NUTANIX10	Minimum
Greedy techniques	Job scheduling problem	https://www.codechef.com/learn/course/thapar-daa-2026/TPRDAA37/problems/MDDYQ139	Job
Greedy techniques	Job scheduling problem	https://www.codechef.com/learn/course/thapar-daa-2026/TPRDAA37/problems/MDDYQ140	Job
Greedy techniques	Job scheduling problem	https://www.codechef.com/learn/course/thapar-daa-2026/TPRDAA37/problems/MDDYQ141	MCQ-2
Greedy techniques	Job scheduling problem	https://www.codechef.com/learn/course/thapar-daa-2026/TPRDAA37/problems/MDDYQ142	What
Greedy techniques	Job scheduling problem	https://www.codechef.com/learn/course/thapar-daa-2026/TPRDAA37/problems/MDDYQ143	Job
Greedy techniques	Job scheduling problem	https://www.codechef.com/learn/course/thapar-daa-2026/TPRDAA37/problems/JBSQNCE	Job
Greedy techniques	Huffman Trees and codes	https://www.codechef.com/learn/course/thapar-daa-2026/TPRDAA38/problems/MDDYQ144	Data
Greedy techniques	Huffman Trees and codes	https://www.codechef.com/learn/course/thapar-daa-2026/TPRDAA38/problems/MDDYQ145	MCQ
Greedy techniques	Huffman Trees and codes	https://www.codechef.com/learn/course/thapar-daa-2026/TPRDAA38/problems/MDDYQ146	Encoding
Greedy techniques	Huffman Trees and codes	https://www.codechef.com/learn/course/thapar-daa-2026/TPRDAA38/problems/MDDYQ147	Huffman
Greedy techniques	Huffman Trees and codes	https://www.codechef.com/learn/course/thapar-daa-2026/TPRDAA38/problems/MDDYQ148	Huffman
Greedy techniques	Huffman Trees and codes	https://www.codechef.com/learn/course/thapar-daa-2026/TPRDAA38/problems/MDDYQ149	Implementing
Greedy techniques	Practice problems	https://www.codechef.com/learn/course/thapar-daa-2026/GREEDYPRACTI/problems/COOKIEDIST	Cookie
Greedy techniques	Practice problems	https://www.codechef.com/learn/course/thapar-daa-2026/GREEDYPRACTI/problems/TDQVH01	Changes
Greedy techniques	Practice problems	https://www.codechef.com/learn/course/thapar-daa-2026/GREEDYPRACTI/problems/AVEEC01	Chef
Greedy techniques	Practice problems	https://www.codechef.com/learn/course/thapar-daa-2026/GREEDYPRACTI/problems/VISA02	Jump
Greedy techniques	Practice problems	https://www.codechef.com/learn/course/thapar-daa-2026/GREEDYPRACTI/problems/DAA140	Calculate
Greedy techniques	Practice problems	https://www.codechef.com/learn/course/thapar-daa-2026/GREEDYPRACTI/problems/DAA145	Calculate
Greedy techniques	Practice problems	https://www.codechef.com/learn/course/thapar-daa-2026/GREEDYPRACTI/problems/MDDYQ156	Single
Greedy techniques	Practice problems	https://www.codechef.com/learn/course/thapar-daa-2026/GREEDYPRACTI/problems/SUBSEG2	Chef
Dynamic Programming	Knapsack problem	https://www.codechef.com/learn/course/thapar-daa-2026/TPRDAA40/problems/MDDYQ159	Fractional
Dynamic Programming	Knapsack problem	https://www.codechef.com/learn/course/thapar-daa-2026/TPRDAA40/problems/MDDYQ160	Knapsack
Dynamic Programming	Knapsack problem	https://www.codechef.com/learn/course/thapar-daa-2026/TPRDAA40/problems/MDDYQ161	Greedy
Dynamic Programming	Knapsack problem	https://www.codechef.com/learn/course/thapar-daa-2026/TPRDAA40/problems/MDDYQ162	Brute
Dynamic Programming	Knapsack problem	https://www.codechef.com/learn/course/thapar-daa-2026/TPRDAA40/problems/MDDYQ163	Dynamic
Dynamic Programming	Knapsack problem	https://www.codechef.com/learn/course/thapar-daa-2026/TPRDAA40/problems/MDDYQ164	Base
Dynamic Programming	Knapsack problem	https://www.codechef.com/learn/course/thapar-daa-2026/TPRDAA40/problems/MDDYQ165	Knapsack
Dynamic Programming	Knapsack problem	https://www.codechef.com/learn/course/thapar-daa-2026/TPRDAA40/problems/MDDYQ166	Analysis
Dynamic Programming	Knapsack problem	https://www.codechef.com/learn/course/thapar-daa-2026/TPRDAA40/problems/MDDYQ167	Subset
Dynamic Programming	Longest common subsequence	https://www.codechef.com/learn/course/thapar-daa-2026/TPRDAA41/problems/MDDYQ168	Longest
Dynamic Programming	Longest common subsequence	https://www.codechef.com/learn/course/thapar-daa-2026/TPRDAA41/problems/MDDYQ169	Brute
Dynamic Programming	Longest common subsequence	https://www.codechef.com/learn/course/thapar-daa-2026/TPRDAA41/problems/MDDYQ170	DP
Dynamic Programming	Longest common subsequence	https://www.codechef.com/learn/course/thapar-daa-2026/TPRDAA41/problems/MDDYQ171	Base
Dynamic Programming	Longest common subsequence	https://www.codechef.com/learn/course/thapar-daa-2026/TPRDAA41/problems/MDDYQ172	Longest
Dynamic Programming	Longest common subsequence	https://www.codechef.com/learn/course/thapar-daa-2026/TPRDAA41/problems/MDDYQ173	MCQ
Dynamic Programming	Longest common subsequence	https://www.codechef.com/learn/course/thapar-daa-2026/TPRDAA41/problems/MDDYQ174	Longest
Dynamic Programming	Minimum Cost Matrix Chain Multiplication	https://www.codechef.com/learn/course/thapar-daa-2026/TPRDAA41B/problems/MDDYQ249	Same
Dynamic Programming	Minimum Cost Matrix Chain Multiplication	https://www.codechef.com/learn/course/thapar-daa-2026/TPRDAA41B/problems/MDDYQ250	MCQ
Dynamic Programming	Minimum Cost Matrix Chain Multiplication	https://www.codechef.com/learn/course/thapar-daa-2026/TPRDAA41B/problems/MDDYQ251	Split
Dynamic Programming	Minimum Cost Matrix Chain Multiplication	https://www.codechef.com/learn/course/thapar-daa-2026/TPRDAA41B/problems/MDDYQ252	MCQ
Dynamic Programming	Minimum Cost Matrix Chain Multiplication	https://www.codechef.com/learn/course/thapar-daa-2026/TPRDAA41B/problems/MDDYQ253	MCQ
Dynamic Programming	Minimum Cost Matrix Chain Multiplication	https://www.codechef.com/learn/course/thapar-daa-2026/TPRDAA41B/problems/MATRIXCHAIN	Minimum
Dynamic Programming	Maximum Independent Set in a Tree	https://www.codechef.com/learn/course/thapar-daa-2026/TPRDAA41C/problems/MDDYQ256	Choose
Dynamic Programming	Maximum Independent Set in a Tree	https://www.codechef.com/learn/course/thapar-daa-2026/TPRDAA41C/problems/MDDYQ257	MCQ
Dynamic Programming	Maximum Independent Set in a Tree	https://www.codechef.com/learn/course/thapar-daa-2026/TPRDAA41C/problems/MDDYQ258	Two
Dynamic Programming	Maximum Independent Set in a Tree	https://www.codechef.com/learn/course/thapar-daa-2026/TPRDAA41C/problems/MDDYQ259	MCQ
Dynamic Programming	Maximum Independent Set in a Tree	https://www.codechef.com/learn/course/thapar-daa-2026/TPRDAA41C/problems/FBEBM01	Chef
Dynamic Programming	Practice problems	https://www.codechef.com/learn/course/thapar-daa-2026/DPPRACTICE/problems/SUBSETTARGET	Subset
Dynamic Programming	Practice problems	https://www.codechef.com/learn/course/thapar-daa-2026/DPPRACTICE/problems/MNTQZ01	Chef
Dynamic Programming	Practice problems	https://www.codechef.com/learn/course/thapar-daa-2026/DPPRACTICE/problems/DORKL01	Chef
Dynamic Programming	Practice problems	https://www.codechef.com/learn/course/thapar-daa-2026/DPPRACTICE/problems/NCBBR01	Chef
Dynamic Programming	Practice problems	https://www.codechef.com/learn/course/thapar-daa-2026/DPPRACTICE/problems/VUUDN01	Chef
Dynamic Programming	Practice problems	https://www.codechef.com/learn/course/thapar-daa-2026/DPPRACTICE/problems/PTFJZ01	Chef
Dynamic Programming	Practice problems	https://www.codechef.com/learn/course/thapar-daa-2026/DPPRACTICE/problems/HOYWM01	Chef
Dynamic Programming	Practice problems	https://www.codechef.com/learn/course/thapar-daa-2026/DPPRACTICE/problems/EKMPU01	Chef
Dynamic Programming	Practice problems	https://www.codechef.com/learn/course/thapar-daa-2026/DPPRACTICE/problems/PREP31	Dynamic
Dynamic Programming	Practice problems	https://www.codechef.com/learn/course/thapar-daa-2026/DPPRACTICE/problems/NOKIA	Connecting
Dynamic Programming	FAQs in interview	https://www.codechef.com/learn/course/thapar-daa-2026/DPPRACTICEB/problems/VYISQ01	Chef
Dynamic Programming	FAQs in interview	https://www.codechef.com/learn/course/thapar-daa-2026/DPPRACTICEB/problems/WGBUW01	Chef
Dynamic Programming	FAQs in interview	https://www.codechef.com/learn/course/thapar-daa-2026/DPPRACTICEB/problems/NASTA01	Chef
Dynamic Programming	FAQs in interview	https://www.codechef.com/learn/course/thapar-daa-2026/DPPRACTICEB/problems/NZRYT01	Chef
Dynamic Programming	FAQs in interview	https://www.codechef.com/learn/course/thapar-daa-2026/DPPRACTICEB/problems/YHPHV01	Chef
Dynamic Programming	FAQs in interview	https://www.codechef.com/learn/course/thapar-daa-2026/DPPRACTICEB/problems/MLONT01	Chef
Dynamic Programming	FAQs in interview	https://www.codechef.com/learn/course/thapar-daa-2026/DPPRACTICEB/problems/JKPLU01	Chef
Divide and Conquer	Merge sort	https://www.codechef.com/learn/course/thapar-daa-2026/TPRDAA20/problems/DAA010	Introduction
Divide and Conquer	Merge sort	https://www.codechef.com/learn/course/thapar-daa-2026/TPRDAA20/problems/DAA011	Merging
Divide and Conquer	Merge sort	https://www.codechef.com/learn/course/thapar-daa-2026/TPRDAA20/problems/DAA012	Merge
Divide and Conquer	Merge sort	https://www.codechef.com/learn/course/thapar-daa-2026/TPRDAA20/problems/DAA013	Analysis
Divide and Conquer	Merge sort	https://www.codechef.com/learn/course/thapar-daa-2026/TPRDAA20/problems/DAA014	Inversion
Divide and Conquer	Quick sort	https://www.codechef.com/learn/course/thapar-daa-2026/TPRDAA21/problems/DAA015	Intro
Divide and Conquer	Quick sort	https://www.codechef.com/learn/course/thapar-daa-2026/TPRDAA21/problems/DAA016	Partitioning
Divide and Conquer	Quick sort	https://www.codechef.com/learn/course/thapar-daa-2026/TPRDAA21/problems/DAA017	Implementing
Divide and Conquer	Quick sort	https://www.codechef.com/learn/course/thapar-daa-2026/TPRDAA21/problems/DAA018	Analysis
Divide and Conquer	Quick sort	https://www.codechef.com/learn/course/thapar-daa-2026/TPRDAA21/problems/DAA019	Randomised
Divide and Conquer	Randomized quick sort problem	https://www.codechef.com/learn/course/thapar-daa-2026/TPRDAA22/problems/MDDYQ235	Coding
Divide and Conquer	Randomized quick sort problem	https://www.codechef.com/learn/course/thapar-daa-2026/TPRDAA22/problems/MDDYQ236	Randomized
Divide and Conquer	Randomized quick sort problem	https://www.codechef.com/learn/course/thapar-daa-2026/TPRDAA22/problems/MDDYQ237	Randomized
Divide and Conquer	Randomized quick sort problem	https://www.codechef.com/learn/course/thapar-daa-2026/TPRDAA22/problems/MDDYQ238	MCQ
Divide and Conquer	Randomized quick sort problem	https://www.codechef.com/learn/course/thapar-daa-2026/TPRDAA22/problems/MDDYQ239	Implement
Divide and Conquer	Randomized quick sort problem	https://www.codechef.com/learn/course/thapar-daa-2026/TPRDAA22/problems/HORSES	Racing
Divide and Conquer	Randomized quick sort problem	https://www.codechef.com/learn/course/thapar-daa-2026/TPRDAA22/problems/ARRAYREOR	Array
Divide and Conquer	Binary Search	https://www.codechef.com/learn/course/thapar-daa-2026/TPRDAA23/problems/DAA020	Sequential
Divide and Conquer	Binary Search	https://www.codechef.com/learn/course/thapar-daa-2026/TPRDAA23/problems/DAA021	Binary
Divide and Conquer	Binary Search	https://www.codechef.com/learn/course/thapar-daa-2026/TPRDAA23/problems/DAA022	Analysis
Divide and Conquer	Binary Search	https://www.codechef.com/learn/course/thapar-daa-2026/TPRDAA23/problems/DAA023	Lower
Divide and Conquer	Binary Search	https://www.codechef.com/learn/course/thapar-daa-2026/TPRDAA23/problems/DAA024A	Multiple
Divide and Conquer	Binary Search	https://www.codechef.com/learn/course/thapar-daa-2026/TPRDAA23/problems/AVGFLEXP	Average
Divide and Conquer	Max subarray sum	https://www.codechef.com/learn/course/thapar-daa-2026/MAXSUBSUM/problems/MAXSUBSUM1	What
Divide and Conquer	Max subarray sum	https://www.codechef.com/learn/course/thapar-daa-2026/MAXSUBSUM/problems/MAXSUBSUM2	Whats
Divide and Conquer	Max subarray sum	https://www.codechef.com/learn/course/thapar-daa-2026/MAXSUBSUM/problems/MAXSUBSUM3	Whats
Divide and Conquer	Max subarray sum	https://www.codechef.com/learn/course/thapar-daa-2026/MAXSUBSUM/problems/PRINTSUBARAY	Print
Divide and Conquer	Peak Elements	https://www.codechef.com/learn/course/thapar-daa-2026/PEAKELEMETS/problems/PEAKELEMENTP	Peak
Divide and Conquer	Peak Elements	https://www.codechef.com/learn/course/thapar-daa-2026/PEAKELEMETS/problems/PEAKELEMENT1	Why
Divide and Conquer	Peak Elements	https://www.codechef.com/learn/course/thapar-daa-2026/PEAKELEMETS/problems/PEAKELEMENT2	Why
Divide and Conquer	Peak Elements	https://www.codechef.com/learn/course/thapar-daa-2026/PEAKELEMETS/problems/FINDPEAK	Find
Divide and Conquer	Peak Elements	https://www.codechef.com/learn/course/thapar-daa-2026/PEAKELEMETS/problems/PEAKMCQ	MCQ
Divide and Conquer	Practice problems	https://www.codechef.com/learn/course/thapar-daa-2026/DIVANDCONQP/problems/DIVANDCONMUL	Divide
Divide and Conquer	Practice problems	https://www.codechef.com/learn/course/thapar-daa-2026/DIVANDCONQP/problems/STARSSENSAP	Strassen
Divide and Conquer	Practice problems	https://www.codechef.com/learn/course/thapar-daa-2026/DIVANDCONQP/problems/DOOFST	Doofish
Divide and Conquer	Practice problems	https://www.codechef.com/learn/course/thapar-daa-2026/DIVANDCONQP/problems/NOKIA	Connecting
Divide and Conquer	Hybrid Problems	https://www.codechef.com/learn/course/thapar-daa-2026/HYBRIDPROB/problems/MINSUBAR	Minimum
Divide and Conquer	Hybrid Problems	https://www.codechef.com/learn/course/thapar-daa-2026/HYBRIDPROB/problems/BRIBETR	Bear
Brute Force and Elementary sorting	Selection and Bubble Sort	https://www.codechef.com/learn/course/thapar-daa-2026/TPRDAA16/problems/DAA004	Sorting
Brute Force and Elementary sorting	Selection and Bubble Sort	https://www.codechef.com/learn/course/thapar-daa-2026/TPRDAA16/problems/DAA005	Selection
Brute Force and Elementary sorting	Selection and Bubble Sort	https://www.codechef.com/learn/course/thapar-daa-2026/TPRDAA16/problems/DAA006	Bubble
Brute Force and Elementary sorting	Selection and Bubble Sort	https://www.codechef.com/learn/course/thapar-daa-2026/TPRDAA16/problems/DAA007	Analysis
Brute Force and Elementary sorting	Selection and Bubble Sort	https://www.codechef.com/learn/course/thapar-daa-2026/TPRDAA16/problems/DAA008	Comparator
Brute Force and Elementary sorting	Selection and Bubble Sort	https://www.codechef.com/learn/course/thapar-daa-2026/TPRDAA16/problems/DAA009	MCQ
Brute Force and Elementary sorting	Decrease & Conquer - Insertion sort	https://www.codechef.com/learn/course/thapar-daa-2026/TPRDAA17/problems/DAA029	Decrease
Brute Force and Elementary sorting	Decrease & Conquer - Insertion sort	https://www.codechef.com/learn/course/thapar-daa-2026/TPRDAA17/problems/DAA030	Insertion
Brute Force and Elementary sorting	Decrease & Conquer - Insertion sort	https://www.codechef.com/learn/course/thapar-daa-2026/TPRDAA17/problems/DAA031	Analysis
Brute Force and Elementary sorting	Decrease & Conquer - Insertion sort	https://www.codechef.com/learn/course/thapar-daa-2026/TPRDAA17/problems/DAA032	MCQ
Brute Force and Elementary sorting	Decrease & Conquer - Computing a Median and the Selection Problem	https://www.codechef.com/learn/course/thapar-daa-2026/TPRDAA18/problems/DAA033	Median
Brute Force and Elementary sorting	Decrease & Conquer - Computing a Median and the Selection Problem	https://www.codechef.com/learn/course/thapar-daa-2026/TPRDAA18/problems/DAA034	Median
Brute Force and Elementary sorting	Decrease & Conquer - Computing a Median and the Selection Problem	https://www.codechef.com/learn/course/thapar-daa-2026/TPRDAA18/problems/DAA035	Analysis
Brute Force and Elementary sorting	Decrease & Conquer - Computing a Median and the Selection Problem	https://www.codechef.com/learn/course/thapar-daa-2026/TPRDAA18/problems/DAA036	Quickselect
Brute Force and Elementary sorting	Decrease & Conquer - Computing a Median and the Selection Problem	https://www.codechef.com/learn/course/thapar-daa-2026/TPRDAA18/problems/DAA037	Analysis
Brute Force and Elementary sorting	Decrease & Conquer - Computing a Median and the Selection Problem	https://www.codechef.com/learn/course/thapar-daa-2026/TPRDAA18/problems/DAA038	Median
Brute Force and Elementary sorting	Decrease & Conquer - Computing a Median and the Selection Problem	https://www.codechef.com/learn/course/thapar-daa-2026/TPRDAA18/problems/DAA039	Analysis
Brute Force and Elementary sorting	Decrease & Conquer - Fake coin problem	https://www.codechef.com/learn/course/thapar-daa-2026/TPRDAA19/problems/DAA040	Fake
Brute Force and Elementary sorting	Decrease & Conquer - Fake coin problem	https://www.codechef.com/learn/course/thapar-daa-2026/TPRDAA19/problems/DAA041	Brute
Brute Force and Elementary sorting	Decrease & Conquer - Fake coin problem	https://www.codechef.com/learn/course/thapar-daa-2026/TPRDAA19/problems/DAA042	MCQ
Brute Force and Elementary sorting	Decrease & Conquer - Fake coin problem	https://www.codechef.com/learn/course/thapar-daa-2026/TPRDAA19/problems/DAA043	Decrease
Brute Force and Elementary sorting	Decrease & Conquer - Fake coin problem	https://www.codechef.com/learn/course/thapar-daa-2026/TPRDAA19/problems/DAA044	Analysis
Brute Force and Elementary sorting	Decrease & Conquer - Fake coin problem	https://www.codechef.com/learn/course/thapar-daa-2026/TPRDAA19/problems/DAA045	Optimised
Brute Force and Elementary sorting	Decrease & Conquer - Fake coin problem	https://www.codechef.com/learn/course/thapar-daa-2026/TPRDAA19/problems/DAA046	MCQ
